{"cameraMode":{"drawMode":0,"name":"Shaded","section":"Shading Mode"},"sceneLighting":true,"audioPlay":false,"sceneViewState":{"showFog":false,"showMaterialUpdate":false,"showSkybox":false,"showFlares":false,"showImageEffects":false,"showParticleSystems":false},"in2DMode":false,"pivot":{"x":5.602355003356934,"y":-1.7281379699707032,"z":7.821904182434082},"rotation":{"x":0.1713317185640335,"y":-0.1413365602493286,"z":0.02484392747282982,"w":0.9747089743614197},"size":90.93679809570313,"orthographic":false}